,epoch,minibatch,trainstep,task,f1
0,0,0,0,tox,0.6938775510204082
1,0,1,1,tox,0.6938775510204082
2,0,2,2,tox,0.72
3,0,3,3,tox,0.6804123711340206
4,0,4,4,tox,0.7326732673267327
5,0,5,5,tox,0.6526315789473685
6,0,6,6,tox,0.7070707070707071
7,0,7,7,tox,0.6236559139784946
8,0,8,8,tox,0.6526315789473685
9,0,9,9,tox,0.6666666666666666
10,1,0,10,tox,0.72
11,1,1,11,tox,0.6236559139784946
12,1,2,12,tox,0.6526315789473685
13,1,3,13,tox,0.6804123711340206
14,1,4,14,tox,0.6666666666666666
15,1,5,15,tox,0.7450980392156863
16,1,6,16,tox,0.7070707070707071
17,1,7,17,tox,0.6666666666666666
18,1,8,18,tox,0.6938775510204082
19,1,9,19,tox,0.6666666666666666
20,2,0,20,tox,0.6666666666666666
21,2,1,21,tox,0.6666666666666666
22,2,2,22,tox,0.5617977528089888
23,2,3,23,tox,0.7692307692307693
24,2,4,24,tox,0.8037383177570093
25,2,5,25,tox,0.6236559139784946
26,2,6,26,tox,0.72
27,2,7,27,tox,0.6526315789473685
28,2,8,28,tox,0.6804123711340206
29,2,9,29,tox,0.0
30,3,0,30,tox,0.6236559139784946
31,3,1,31,tox,0.6666666666666666
32,3,2,32,tox,0.6526315789473685
33,3,3,33,tox,0.6666666666666666
34,3,4,34,tox,0.5934065934065934
35,3,5,35,tox,0.6804123711340206
36,3,6,36,tox,0.6804123711340206
37,3,7,37,tox,0.8037383177570093
38,3,8,38,tox,0.7692307692307693
39,3,9,39,tox,0.6666666666666666
40,4,0,40,tox,0.6804123711340206
41,4,1,41,tox,0.7450980392156863
42,4,2,42,tox,0.7450980392156863
43,4,3,43,tox,0.6938775510204082
44,4,4,44,tox,0.6666666666666666
45,4,5,45,tox,0.6382978723404256
46,4,6,46,tox,0.6804123711340206
47,4,7,47,tox,0.5934065934065934
48,4,8,48,tox,0.72
49,4,9,49,tox,0.0
50,5,0,50,tox,0.7572815533980582
51,5,1,51,tox,0.6526315789473685
52,5,2,52,tox,0.6236559139784946
53,5,3,53,tox,0.6804123711340206
54,5,4,54,tox,0.7450980392156863
55,5,5,55,tox,0.6938775510204082
56,5,6,56,tox,0.6666666666666666
57,5,7,57,tox,0.6382978723404256
58,5,8,58,tox,0.6804123711340206
59,5,9,59,tox,1.0
60,6,0,60,tox,0.6526315789473685
61,6,1,61,tox,0.7450980392156863
62,6,2,62,tox,0.6666666666666666
63,6,3,63,tox,0.6382978723404256
64,6,4,64,tox,0.7070707070707071
65,6,5,65,tox,0.6666666666666666
66,6,6,66,tox,0.6938775510204082
67,6,7,67,tox,0.5934065934065934
68,6,8,68,tox,0.7692307692307693
69,6,9,69,tox,1.0
70,7,0,70,tox,0.6804123711340206
71,7,1,71,tox,0.6666666666666666
72,7,2,72,tox,0.6938775510204082
73,7,3,73,tox,0.6666666666666666
74,7,4,74,tox,0.7450980392156863
75,7,5,75,tox,0.6236559139784946
76,7,6,76,tox,0.6938775510204082
77,7,7,77,tox,0.6804123711340206
78,7,8,78,tox,0.7070707070707071
79,7,9,79,tox,0.6666666666666666
80,8,0,80,tox,0.6938775510204082
81,8,1,81,tox,0.7450980392156863
82,8,2,82,tox,0.72
83,8,3,83,tox,0.6382978723404256
84,8,4,84,tox,0.6526315789473685
85,8,5,85,tox,0.6236559139784946
86,8,6,86,tox,0.7326732673267327
87,8,7,87,tox,0.6938775510204082
88,8,8,88,tox,0.6382978723404256
89,8,9,89,tox,1.0
90,9,0,90,tox,0.6382978723404256
91,9,1,91,tox,0.6938775510204082
92,9,2,92,tox,0.6804123711340206
93,9,3,93,tox,0.7326732673267327
94,9,4,94,tox,0.7070707070707071
95,9,5,95,tox,0.72
96,9,6,96,tox,0.780952380952381
97,9,7,97,tox,0.5287356321839081
98,9,8,98,tox,0.6382978723404256
99,9,9,99,tox,1.0
100,10,0,100,tox,0.6938775510204082
101,10,1,101,tox,0.7070707070707071
102,10,2,102,tox,0.7070707070707071
103,10,3,103,tox,0.6526315789473685
104,10,4,104,tox,0.6938775510204082
105,10,5,105,tox,0.6236559139784946
106,10,6,106,tox,0.6382978723404256
107,10,7,107,tox,0.6526315789473685
108,10,8,108,tox,0.780952380952381
109,10,9,109,tox,0.6666666666666666
110,11,0,110,tox,0.6938775510204082
111,11,1,111,tox,0.5934065934065934
112,11,2,112,tox,0.6236559139784946
113,11,3,113,tox,0.7326732673267327
114,11,4,114,tox,0.6938775510204082
115,11,5,115,tox,0.7070707070707071
116,11,6,116,tox,0.6804123711340206
117,11,7,117,tox,0.7070707070707071
118,11,8,118,tox,0.7070707070707071
119,11,9,119,tox,1.0
120,12,0,120,tox,0.6938775510204082
121,12,1,121,tox,0.72
122,12,2,122,tox,0.5777777777777777
123,12,3,123,tox,0.7450980392156863
124,12,4,124,tox,0.6938775510204082
125,12,5,125,tox,0.6382978723404256
126,12,6,126,tox,0.6938775510204082
127,12,7,127,tox,0.72
128,12,8,128,tox,0.6804123711340206
129,12,9,129,tox,0.0
130,13,0,130,tox,0.6382978723404256
131,13,1,131,tox,0.5454545454545454
132,13,2,132,tox,0.72
133,13,3,133,tox,0.6086956521739131
134,13,4,134,tox,0.7326732673267327
135,13,5,135,tox,0.6938775510204082
136,13,6,136,tox,0.7572815533980582
137,13,7,137,tox,0.72
138,13,8,138,tox,0.72
139,13,9,139,tox,0.6666666666666666
140,14,0,140,tox,0.6938775510204082
141,14,1,141,tox,0.5777777777777777
142,14,2,142,tox,0.6236559139784946
143,14,3,143,tox,0.6804123711340206
144,14,4,144,tox,0.72
145,14,5,145,tox,0.6666666666666666
146,14,6,146,tox,0.7450980392156863
147,14,7,147,tox,0.6938775510204082
148,14,8,148,tox,0.7326732673267327
149,14,9,149,tox,1.0
150,15,0,150,tox,0.7572815533980582
151,15,1,151,tox,0.5934065934065934
152,15,2,152,tox,0.7070707070707071
153,15,3,153,tox,0.7070707070707071
154,15,4,154,tox,0.6526315789473685
155,15,5,155,tox,0.6526315789473685
156,15,6,156,tox,0.6804123711340206
157,15,7,157,tox,0.6086956521739131
158,15,8,158,tox,0.7924528301886793
159,15,9,159,tox,0.0
160,16,0,160,tox,0.6382978723404256
161,16,1,161,tox,0.6236559139784946
162,16,2,162,tox,0.72
163,16,3,163,tox,0.6382978723404256
164,16,4,164,tox,0.7070707070707071
165,16,5,165,tox,0.7692307692307693
166,16,6,166,tox,0.6804123711340206
167,16,7,167,tox,0.6526315789473685
168,16,8,168,tox,0.72
169,16,9,169,tox,0.6666666666666666
170,17,0,170,tox,0.7692307692307693
171,17,1,171,tox,0.7070707070707071
172,17,2,172,tox,0.5454545454545454
173,17,3,173,tox,0.6382978723404256
174,17,4,174,tox,0.7070707070707071
175,17,5,175,tox,0.5934065934065934
176,17,6,176,tox,0.7450980392156863
177,17,7,177,tox,0.6666666666666666
178,17,8,178,tox,0.7572815533980582
179,17,9,179,tox,0.6666666666666666
180,18,0,180,tox,0.5287356321839081
181,18,1,181,tox,0.6938775510204082
182,18,2,182,tox,0.72
183,18,3,183,tox,0.6086956521739131
184,18,4,184,tox,0.6526315789473685
185,18,5,185,tox,0.7924528301886793
186,18,6,186,tox,0.6526315789473685
187,18,7,187,tox,0.7450980392156863
188,18,8,188,tox,0.72
189,18,9,189,tox,1.0
190,19,0,190,tox,0.6526315789473685
191,19,1,191,tox,0.6526315789473685
192,19,2,192,tox,0.6086956521739131
193,19,3,193,tox,0.7326732673267327
194,19,4,194,tox,0.7070707070707071
195,19,5,195,tox,0.7572815533980582
196,19,6,196,tox,0.6804123711340206
197,19,7,197,tox,0.6526315789473685
198,19,8,198,tox,0.72
199,19,9,199,tox,0.0
200,20,0,200,tox,0.7070707070707071
201,20,1,201,tox,0.6804123711340206
202,20,2,202,tox,0.7070707070707071
203,20,3,203,tox,0.6804123711340206
204,20,4,204,tox,0.7070707070707071
205,20,5,205,tox,0.5777777777777777
206,20,6,206,tox,0.5934065934065934
207,20,7,207,tox,0.7924528301886793
208,20,8,208,tox,0.6804123711340206
209,20,9,209,tox,1.0
210,21,0,210,tox,0.7070707070707071
211,21,1,211,tox,0.7326732673267327
212,21,2,212,tox,0.6526315789473685
213,21,3,213,tox,0.6804123711340206
214,21,4,214,tox,0.6526315789473685
215,21,5,215,tox,0.6666666666666666
216,21,6,216,tox,0.6938775510204082
217,21,7,217,tox,0.6804123711340206
218,21,8,218,tox,0.7070707070707071
219,21,9,219,tox,0.0
220,22,0,220,tox,0.72
221,22,1,221,tox,0.6804123711340206
222,22,2,222,tox,0.6666666666666666
223,22,3,223,tox,0.7070707070707071
224,22,4,224,tox,0.6938775510204082
225,22,5,225,tox,0.6526315789473685
226,22,6,226,tox,0.6526315789473685
227,22,7,227,tox,0.7326732673267327
228,22,8,228,tox,0.6666666666666666
229,22,9,229,tox,0.0
230,23,0,230,tox,0.6666666666666666
231,23,1,231,tox,0.780952380952381
232,23,2,232,tox,0.6236559139784946
233,23,3,233,tox,0.7450980392156863
234,23,4,234,tox,0.6382978723404256
235,23,5,235,tox,0.6938775510204082
236,23,6,236,tox,0.5777777777777777
237,23,7,237,tox,0.6526315789473685
238,23,8,238,tox,0.7450980392156863
239,23,9,239,tox,1.0
240,24,0,240,tox,0.72
241,24,1,241,tox,0.72
242,24,2,242,tox,0.6804123711340206
243,24,3,243,tox,0.7572815533980582
244,24,4,244,tox,0.5116279069767442
245,24,5,245,tox,0.6666666666666666
246,24,6,246,tox,0.72
247,24,7,247,tox,0.7924528301886793
248,24,8,248,tox,0.5617977528089888
249,24,9,249,tox,0.0
250,25,0,250,tox,0.7326732673267327
251,25,1,251,tox,0.6938775510204082
252,25,2,252,tox,0.5287356321839081
253,25,3,253,tox,0.6382978723404256
254,25,4,254,tox,0.6236559139784946
255,25,5,255,tox,0.780952380952381
256,25,6,256,tox,0.6938775510204082
257,25,7,257,tox,0.7326732673267327
258,25,8,258,tox,0.72
259,25,9,259,tox,0.0
260,26,0,260,tox,0.6526315789473685
261,26,1,261,tox,0.6804123711340206
262,26,2,262,tox,0.6086956521739131
263,26,3,263,tox,0.8148148148148148
264,26,4,264,tox,0.6526315789473685
265,26,5,265,tox,0.7450980392156863
266,26,6,266,tox,0.6382978723404256
267,26,7,267,tox,0.7572815533980582
268,26,8,268,tox,0.5934065934065934
269,26,9,269,tox,0.0
270,27,0,270,tox,0.6382978723404256
271,27,1,271,tox,0.72
272,27,2,272,tox,0.6666666666666666
273,27,3,273,tox,0.7326732673267327
274,27,4,274,tox,0.6804123711340206
275,27,5,275,tox,0.7070707070707071
276,27,6,276,tox,0.72
277,27,7,277,tox,0.6236559139784946
278,27,8,278,tox,0.6666666666666666
279,27,9,279,tox,0.6666666666666666
280,28,0,280,tox,0.6382978723404256
281,28,1,281,tox,0.6938775510204082
282,28,2,282,tox,0.6666666666666666
283,28,3,283,tox,0.5777777777777777
284,28,4,284,tox,0.6666666666666666
285,28,5,285,tox,0.72
286,28,6,286,tox,0.6526315789473685
287,28,7,287,tox,0.7572815533980582
288,28,8,288,tox,0.7692307692307693
289,28,9,289,tox,0.6666666666666666
290,29,0,290,tox,0.6236559139784946
291,29,1,291,tox,0.6382978723404256
292,29,2,292,tox,0.6236559139784946
293,29,3,293,tox,0.7572815533980582
294,29,4,294,tox,0.7070707070707071
295,29,5,295,tox,0.6382978723404256
296,29,6,296,tox,0.7450980392156863
297,29,7,297,tox,0.6938775510204082
298,29,8,298,tox,0.7070707070707071
299,29,9,299,tox,1.0
300,30,0,300,tox,0.6086956521739131
301,30,1,301,tox,0.72
302,30,2,302,tox,0.7326732673267327
303,30,3,303,tox,0.6804123711340206
304,30,4,304,tox,0.6666666666666666
305,30,5,305,tox,0.5116279069767442
306,30,6,306,tox,0.7450980392156863
307,30,7,307,tox,0.6938775510204082
308,30,8,308,tox,0.780952380952381
309,30,9,309,tox,0.0
310,31,0,310,tox,0.6938775510204082
311,31,1,311,tox,0.7450980392156863
312,31,2,312,tox,0.6086956521739131
313,31,3,313,tox,0.7070707070707071
314,31,4,314,tox,0.6382978723404256
315,31,5,315,tox,0.7692307692307693
316,31,6,316,tox,0.6236559139784946
317,31,7,317,tox,0.6938775510204082
318,31,8,318,tox,0.6666666666666666
319,31,9,319,tox,0.6666666666666666
320,32,0,320,tox,0.7070707070707071
321,32,1,321,tox,0.6382978723404256
322,32,2,322,tox,0.7572815533980582
323,32,3,323,tox,0.6938775510204082
324,32,4,324,tox,0.6666666666666666
325,32,5,325,tox,0.5617977528089888
326,32,6,326,tox,0.72
327,32,7,327,tox,0.7692307692307693
328,32,8,328,tox,0.6382978723404256
329,32,9,329,tox,0.0
330,33,0,330,tox,0.7450980392156863
331,33,1,331,tox,0.6938775510204082
332,33,2,332,tox,0.6382978723404256
333,33,3,333,tox,0.6086956521739131
334,33,4,334,tox,0.6938775510204082
335,33,5,335,tox,0.6938775510204082
336,33,6,336,tox,0.6666666666666666
337,33,7,337,tox,0.7326732673267327
338,33,8,338,tox,0.6666666666666666
339,33,9,339,tox,1.0
340,34,0,340,tox,0.6382978723404256
341,34,1,341,tox,0.6382978723404256
342,34,2,342,tox,0.6938775510204082
343,34,3,343,tox,0.5934065934065934
344,34,4,344,tox,0.6526315789473685
345,34,5,345,tox,0.7572815533980582
346,34,6,346,tox,0.6938775510204082
347,34,7,347,tox,0.7692307692307693
348,34,8,348,tox,0.6938775510204082
349,34,9,349,tox,1.0
350,35,0,350,tox,0.6666666666666666
351,35,1,351,tox,0.6938775510204082
352,35,2,352,tox,0.5287356321839081
353,35,3,353,tox,0.72
354,35,4,354,tox,0.7692307692307693
355,35,5,355,tox,0.7572815533980582
356,35,6,356,tox,0.6938775510204082
357,35,7,357,tox,0.5617977528089888
358,35,8,358,tox,0.7326732673267327
359,35,9,359,tox,0.6666666666666666
360,36,0,360,tox,0.6526315789473685
361,36,1,361,tox,0.6236559139784946
362,36,2,362,tox,0.7070707070707071
363,36,3,363,tox,0.72
364,36,4,364,tox,0.7450980392156863
365,36,5,365,tox,0.6526315789473685
366,36,6,366,tox,0.6938775510204082
367,36,7,367,tox,0.72
368,36,8,368,tox,0.6382978723404256
369,36,9,369,tox,0.6666666666666666
370,37,0,370,tox,0.6526315789473685
371,37,1,371,tox,0.7070707070707071
372,37,2,372,tox,0.7450980392156863
373,37,3,373,tox,0.72
374,37,4,374,tox,0.6526315789473685
375,37,5,375,tox,0.5934065934065934
376,37,6,376,tox,0.6236559139784946
377,37,7,377,tox,0.7450980392156863
378,37,8,378,tox,0.7070707070707071
379,37,9,379,tox,0.6666666666666666
380,38,0,380,tox,0.6526315789473685
381,38,1,381,tox,0.6804123711340206
382,38,2,382,tox,0.7326732673267327
383,38,3,383,tox,0.6666666666666666
384,38,4,384,tox,0.7572815533980582
385,38,5,385,tox,0.5777777777777777
386,38,6,386,tox,0.6804123711340206
387,38,7,387,tox,0.6526315789473685
388,38,8,388,tox,0.7450980392156863
389,38,9,389,tox,0.6666666666666666
390,39,0,390,tox,0.7070707070707071
391,39,1,391,tox,0.6236559139784946
392,39,2,392,tox,0.6526315789473685
393,39,3,393,tox,0.7450980392156863
394,39,4,394,tox,0.5934065934065934
395,39,5,395,tox,0.6804123711340206
396,39,6,396,tox,0.7572815533980582
397,39,7,397,tox,0.6804123711340206
398,39,8,398,tox,0.72
399,39,9,399,tox,0.0
400,40,0,400,tox,0.6086956521739131
401,40,1,401,tox,0.6526315789473685
402,40,2,402,tox,0.72
403,40,3,403,tox,0.6938775510204082
404,40,4,404,tox,0.6804123711340206
405,40,5,405,tox,0.6526315789473685
406,40,6,406,tox,0.6526315789473685
407,40,7,407,tox,0.7692307692307693
408,40,8,408,tox,0.72
409,40,9,409,tox,0.6666666666666666
410,41,0,410,tox,0.72
411,41,1,411,tox,0.5777777777777777
412,41,2,412,tox,0.780952380952381
413,41,3,413,tox,0.7070707070707071
414,41,4,414,tox,0.6938775510204082
415,41,5,415,tox,0.6666666666666666
416,41,6,416,tox,0.6382978723404256
417,41,7,417,tox,0.6086956521739131
418,41,8,418,tox,0.7572815533980582
419,41,9,419,tox,0.0
420,42,0,420,tox,0.6938775510204082
421,42,1,421,tox,0.6666666666666666
422,42,2,422,tox,0.6804123711340206
423,42,3,423,tox,0.7692307692307693
424,42,4,424,tox,0.72
425,42,5,425,tox,0.6382978723404256
426,42,6,426,tox,0.7070707070707071
427,42,7,427,tox,0.6382978723404256
428,42,8,428,tox,0.6382978723404256
429,42,9,429,tox,0.6666666666666666
430,43,0,430,tox,0.72
431,43,1,431,tox,0.6804123711340206
432,43,2,432,tox,0.7572815533980582
433,43,3,433,tox,0.7326732673267327
434,43,4,434,tox,0.5934065934065934
435,43,5,435,tox,0.6236559139784946
436,43,6,436,tox,0.6938775510204082
437,43,7,437,tox,0.6382978723404256
438,43,8,438,tox,0.72
439,43,9,439,tox,0.0
440,44,0,440,tox,0.7572815533980582
441,44,1,441,tox,0.6666666666666666
442,44,2,442,tox,0.6236559139784946
443,44,3,443,tox,0.7070707070707071
444,44,4,444,tox,0.6804123711340206
445,44,5,445,tox,0.6938775510204082
446,44,6,446,tox,0.6382978723404256
447,44,7,447,tox,0.7070707070707071
448,44,8,448,tox,0.6666666666666666
449,44,9,449,tox,1.0
450,45,0,450,tox,0.6804123711340206
451,45,1,451,tox,0.5934065934065934
452,45,2,452,tox,0.72
453,45,3,453,tox,0.6382978723404256
454,45,4,454,tox,0.72
455,45,5,455,tox,0.6804123711340206
456,45,6,456,tox,0.72
457,45,7,457,tox,0.6666666666666666
458,45,8,458,tox,0.7450980392156863
459,45,9,459,tox,0.0
460,46,0,460,tox,0.6666666666666666
461,46,1,461,tox,0.6526315789473685
462,46,2,462,tox,0.72
463,46,3,463,tox,0.72
464,46,4,464,tox,0.7450980392156863
465,46,5,465,tox,0.6938775510204082
466,46,6,466,tox,0.5777777777777777
467,46,7,467,tox,0.6382978723404256
468,46,8,468,tox,0.7326732673267327
469,46,9,469,tox,0.6666666666666666
470,47,0,470,tox,0.7070707070707071
471,47,1,471,tox,0.7450980392156863
472,47,2,472,tox,0.5934065934065934
473,47,3,473,tox,0.6382978723404256
474,47,4,474,tox,0.780952380952381
475,47,5,475,tox,0.6526315789473685
476,47,6,476,tox,0.72
477,47,7,477,tox,0.6804123711340206
478,47,8,478,tox,0.6236559139784946
479,47,9,479,tox,0.6666666666666666
480,48,0,480,tox,0.6938775510204082
481,48,1,481,tox,0.7326732673267327
482,48,2,482,tox,0.6236559139784946
483,48,3,483,tox,0.6938775510204082
484,48,4,484,tox,0.7326732673267327
485,48,5,485,tox,0.6938775510204082
486,48,6,486,tox,0.7070707070707071
487,48,7,487,tox,0.5777777777777777
488,48,8,488,tox,0.6938775510204082
489,48,9,489,tox,0.6666666666666666
490,49,0,490,tox,0.6086956521739131
491,49,1,491,tox,0.7326732673267327
492,49,2,492,tox,0.6526315789473685
493,49,3,493,tox,0.6938775510204082
494,49,4,494,tox,0.6526315789473685
495,49,5,495,tox,0.7572815533980582
496,49,6,496,tox,0.7070707070707071
497,49,7,497,tox,0.7450980392156863
498,49,8,498,tox,0.6086956521739131
499,49,9,499,tox,0.0
500,50,0,500,tox,0.6086956521739131
501,50,1,501,tox,0.7692307692307693
502,50,2,502,tox,0.7692307692307693
503,50,3,503,tox,0.72
504,50,4,504,tox,0.6382978723404256
505,50,5,505,tox,0.6236559139784946
506,50,6,506,tox,0.6382978723404256
507,50,7,507,tox,0.6804123711340206
508,50,8,508,tox,0.6938775510204082
509,50,9,509,tox,0.6666666666666666
510,51,0,510,tox,0.7692307692307693
511,51,1,511,tox,0.6526315789473685
512,51,2,512,tox,0.72
513,51,3,513,tox,0.5934065934065934
514,51,4,514,tox,0.7572815533980582
515,51,5,515,tox,0.6382978723404256
516,51,6,516,tox,0.7070707070707071
517,51,7,517,tox,0.6666666666666666
518,51,8,518,tox,0.6526315789473685
519,51,9,519,tox,0.0
520,52,0,520,tox,0.6938775510204082
521,52,1,521,tox,0.6666666666666666
522,52,2,522,tox,0.6382978723404256
523,52,3,523,tox,0.6804123711340206
524,52,4,524,tox,0.72
525,52,5,525,tox,0.6804123711340206
526,52,6,526,tox,0.6236559139784946
527,52,7,527,tox,0.8037383177570093
528,52,8,528,tox,0.6526315789473685
529,52,9,529,tox,0.0
530,53,0,530,tox,0.6382978723404256
531,53,1,531,tox,0.6236559139784946
532,53,2,532,tox,0.5934065934065934
533,53,3,533,tox,0.8037383177570093
534,53,4,534,tox,0.7070707070707071
535,53,5,535,tox,0.6938775510204082
536,53,6,536,tox,0.7070707070707071
537,53,7,537,tox,0.6938775510204082
538,53,8,538,tox,0.6804123711340206
539,53,9,539,tox,0.6666666666666666
540,54,0,540,tox,0.6526315789473685
541,54,1,541,tox,0.6938775510204082
542,54,2,542,tox,0.7070707070707071
543,54,3,543,tox,0.7450980392156863
544,54,4,544,tox,0.6938775510204082
545,54,5,545,tox,0.6938775510204082
546,54,6,546,tox,0.6382978723404256
547,54,7,547,tox,0.6938775510204082
548,54,8,548,tox,0.6382978723404256
549,54,9,549,tox,0.6666666666666666
550,55,0,550,tox,0.6804123711340206
551,55,1,551,tox,0.7692307692307693
552,55,2,552,tox,0.7326732673267327
553,55,3,553,tox,0.6086956521739131
554,55,4,554,tox,0.7326732673267327
555,55,5,555,tox,0.7572815533980582
556,55,6,556,tox,0.5116279069767442
557,55,7,557,tox,0.6938775510204082
558,55,8,558,tox,0.6526315789473685
559,55,9,559,tox,0.0
560,56,0,560,tox,0.7572815533980582
561,56,1,561,tox,0.7070707070707071
562,56,2,562,tox,0.6526315789473685
563,56,3,563,tox,0.5777777777777777
564,56,4,564,tox,0.6938775510204082
565,56,5,565,tox,0.7326732673267327
566,56,6,566,tox,0.6526315789473685
567,56,7,567,tox,0.6804123711340206
568,56,8,568,tox,0.6938775510204082
569,56,9,569,tox,0.6666666666666666
570,57,0,570,tox,0.6526315789473685
571,57,1,571,tox,0.6666666666666666
572,57,2,572,tox,0.7450980392156863
573,57,3,573,tox,0.6086956521739131
574,57,4,574,tox,0.7326732673267327
575,57,5,575,tox,0.7326732673267327
576,57,6,576,tox,0.7572815533980582
577,57,7,577,tox,0.5617977528089888
578,57,8,578,tox,0.6804123711340206
579,57,9,579,tox,0.6666666666666666
580,58,0,580,tox,0.7924528301886793
581,58,1,581,tox,0.7450980392156863
582,58,2,582,tox,0.6804123711340206
583,58,3,583,tox,0.6382978723404256
584,58,4,584,tox,0.7326732673267327
585,58,5,585,tox,0.6086956521739131
586,58,6,586,tox,0.7070707070707071
587,58,7,587,tox,0.6382978723404256
588,58,8,588,tox,0.6086956521739131
589,58,9,589,tox,0.0
590,59,0,590,tox,0.7450980392156863
591,59,1,591,tox,0.5116279069767442
592,59,2,592,tox,0.7326732673267327
593,59,3,593,tox,0.7692307692307693
594,59,4,594,tox,0.6938775510204082
595,59,5,595,tox,0.7326732673267327
596,59,6,596,tox,0.6804123711340206
597,59,7,597,tox,0.6666666666666666
598,59,8,598,tox,0.6086956521739131
599,59,9,599,tox,0.0
600,60,0,600,tox,0.7924528301886793
601,60,1,601,tox,0.5934065934065934
602,60,2,602,tox,0.72
603,60,3,603,tox,0.6526315789473685
604,60,4,604,tox,0.7070707070707071
605,60,5,605,tox,0.6382978723404256
606,60,6,606,tox,0.6666666666666666
607,60,7,607,tox,0.7070707070707071
608,60,8,608,tox,0.6804123711340206
609,60,9,609,tox,0.0
610,61,0,610,tox,0.6938775510204082
611,61,1,611,tox,0.6236559139784946
612,61,2,612,tox,0.72
613,61,3,613,tox,0.7070707070707071
614,61,4,614,tox,0.6236559139784946
615,61,5,615,tox,0.72
616,61,6,616,tox,0.7450980392156863
617,61,7,617,tox,0.6236559139784946
618,61,8,618,tox,0.6938775510204082
619,61,9,619,tox,0.6666666666666666
620,62,0,620,tox,0.6804123711340206
621,62,1,621,tox,0.6938775510204082
622,62,2,622,tox,0.72
623,62,3,623,tox,0.6382978723404256
624,62,4,624,tox,0.6526315789473685
625,62,5,625,tox,0.6086956521739131
626,62,6,626,tox,0.6666666666666666
627,62,7,627,tox,0.72
628,62,8,628,tox,0.7572815533980582
629,62,9,629,tox,1.0
630,63,0,630,tox,0.6804123711340206
631,63,1,631,tox,0.6938775510204082
632,63,2,632,tox,0.6236559139784946
633,63,3,633,tox,0.6666666666666666
634,63,4,634,tox,0.6382978723404256
635,63,5,635,tox,0.6804123711340206
636,63,6,636,tox,0.6086956521739131
637,63,7,637,tox,0.7692307692307693
638,63,8,638,tox,0.780952380952381
639,63,9,639,tox,0.6666666666666666
640,64,0,640,tox,0.6666666666666666
641,64,1,641,tox,0.7326732673267327
642,64,2,642,tox,0.72
643,64,3,643,tox,0.72
644,64,4,644,tox,0.6382978723404256
645,64,5,645,tox,0.6666666666666666
646,64,6,646,tox,0.6804123711340206
647,64,7,647,tox,0.6526315789473685
648,64,8,648,tox,0.6804123711340206
649,64,9,649,tox,0.6666666666666666
650,65,0,650,tox,0.7326732673267327
651,65,1,651,tox,0.6526315789473685
652,65,2,652,tox,0.6804123711340206
653,65,3,653,tox,0.6236559139784946
654,65,4,654,tox,0.6382978723404256
655,65,5,655,tox,0.7326732673267327
656,65,6,656,tox,0.6804123711340206
657,65,7,657,tox,0.72
658,65,8,658,tox,0.6938775510204082
659,65,9,659,tox,0.6666666666666666
660,66,0,660,tox,0.6938775510204082
661,66,1,661,tox,0.7070707070707071
662,66,2,662,tox,0.6938775510204082
663,66,3,663,tox,0.7070707070707071
664,66,4,664,tox,0.6526315789473685
665,66,5,665,tox,0.7070707070707071
666,66,6,666,tox,0.6526315789473685
667,66,7,667,tox,0.7572815533980582
668,66,8,668,tox,0.5777777777777777
669,66,9,669,tox,0.6666666666666666
670,67,0,670,tox,0.6666666666666666
671,67,1,671,tox,0.6382978723404256
672,67,2,672,tox,0.6666666666666666
673,67,3,673,tox,0.5777777777777777
674,67,4,674,tox,0.8148148148148148
675,67,5,675,tox,0.72
676,67,6,676,tox,0.6526315789473685
677,67,7,677,tox,0.7070707070707071
678,67,8,678,tox,0.6938775510204082
679,67,9,679,tox,0.6666666666666666
680,68,0,680,tox,0.7326732673267327
681,68,1,681,tox,0.6804123711340206
682,68,2,682,tox,0.72
683,68,3,683,tox,0.5934065934065934
684,68,4,684,tox,0.6382978723404256
685,68,5,685,tox,0.780952380952381
686,68,6,686,tox,0.6666666666666666
687,68,7,687,tox,0.6804123711340206
688,68,8,688,tox,0.6526315789473685
689,68,9,689,tox,0.6666666666666666
690,69,0,690,tox,0.7326732673267327
691,69,1,691,tox,0.6666666666666666
692,69,2,692,tox,0.6938775510204082
693,69,3,693,tox,0.6666666666666666
694,69,4,694,tox,0.6382978723404256
695,69,5,695,tox,0.72
696,69,6,696,tox,0.6804123711340206
697,69,7,697,tox,0.7692307692307693
698,69,8,698,tox,0.5934065934065934
699,69,9,699,tox,0.0
700,70,0,700,tox,0.7450980392156863
701,70,1,701,tox,0.72
702,70,2,702,tox,0.7326732673267327
703,70,3,703,tox,0.6086956521739131
704,70,4,704,tox,0.7070707070707071
705,70,5,705,tox,0.7572815533980582
706,70,6,706,tox,0.6086956521739131
707,70,7,707,tox,0.5287356321839081
708,70,8,708,tox,0.72
709,70,9,709,tox,0.6666666666666666
710,71,0,710,tox,0.7450980392156863
711,71,1,711,tox,0.7326732673267327
712,71,2,712,tox,0.6526315789473685
713,71,3,713,tox,0.6666666666666666
714,71,4,714,tox,0.72
715,71,5,715,tox,0.6804123711340206
716,71,6,716,tox,0.6938775510204082
717,71,7,717,tox,0.5617977528089888
718,71,8,718,tox,0.6938775510204082
719,71,9,719,tox,0.6666666666666666
720,72,0,720,tox,0.7070707070707071
721,72,1,721,tox,0.6086956521739131
722,72,2,722,tox,0.780952380952381
723,72,3,723,tox,0.7572815533980582
724,72,4,724,tox,0.6382978723404256
725,72,5,725,tox,0.6236559139784946
726,72,6,726,tox,0.5777777777777777
727,72,7,727,tox,0.6526315789473685
728,72,8,728,tox,0.7692307692307693
729,72,9,729,tox,1.0
730,73,0,730,tox,0.6086956521739131
731,73,1,731,tox,0.6938775510204082
732,73,2,732,tox,0.72
733,73,3,733,tox,0.6236559139784946
734,73,4,734,tox,0.7450980392156863
735,73,5,735,tox,0.6382978723404256
736,73,6,736,tox,0.6526315789473685
737,73,7,737,tox,0.7572815533980582
738,73,8,738,tox,0.7070707070707071
739,73,9,739,tox,0.6666666666666666
740,74,0,740,tox,0.6666666666666666
741,74,1,741,tox,0.7070707070707071
742,74,2,742,tox,0.780952380952381
743,74,3,743,tox,0.6086956521739131
744,74,4,744,tox,0.7326732673267327
745,74,5,745,tox,0.6938775510204082
746,74,6,746,tox,0.6086956521739131
747,74,7,747,tox,0.6526315789473685
748,74,8,748,tox,0.7070707070707071
749,74,9,749,tox,0.0
750,75,0,750,tox,0.7692307692307693
751,75,1,751,tox,0.72
752,75,2,752,tox,0.6938775510204082
753,75,3,753,tox,0.6804123711340206
754,75,4,754,tox,0.6236559139784946
755,75,5,755,tox,0.6382978723404256
756,75,6,756,tox,0.6526315789473685
757,75,7,757,tox,0.6526315789473685
758,75,8,758,tox,0.72
759,75,9,759,tox,0.6666666666666666
760,76,0,760,tox,0.72
761,76,1,761,tox,0.6526315789473685
762,76,2,762,tox,0.7924528301886793
763,76,3,763,tox,0.6804123711340206
764,76,4,764,tox,0.6382978723404256
765,76,5,765,tox,0.6938775510204082
766,76,6,766,tox,0.72
767,76,7,767,tox,0.6382978723404256
768,76,8,768,tox,0.5934065934065934
769,76,9,769,tox,1.0
770,77,0,770,tox,0.7326732673267327
771,77,1,771,tox,0.6804123711340206
772,77,2,772,tox,0.5777777777777777
773,77,3,773,tox,0.7326732673267327
774,77,4,774,tox,0.7070707070707071
775,77,5,775,tox,0.6938775510204082
776,77,6,776,tox,0.6804123711340206
777,77,7,777,tox,0.7572815533980582
778,77,8,778,tox,0.5777777777777777
779,77,9,779,tox,0.6666666666666666
780,78,0,780,tox,0.6804123711340206
781,78,1,781,tox,0.6086956521739131
782,78,2,782,tox,0.72
783,78,3,783,tox,0.6526315789473685
784,78,4,784,tox,0.7070707070707071
785,78,5,785,tox,0.72
786,78,6,786,tox,0.6236559139784946
787,78,7,787,tox,0.8148148148148148
788,78,8,788,tox,0.6236559139784946
789,78,9,789,tox,0.0
790,79,0,790,tox,0.7450980392156863
791,79,1,791,tox,0.6804123711340206
792,79,2,792,tox,0.7070707070707071
793,79,3,793,tox,0.7070707070707071
794,79,4,794,tox,0.7450980392156863
795,79,5,795,tox,0.7326732673267327
796,79,6,796,tox,0.6086956521739131
797,79,7,797,tox,0.6236559139784946
798,79,8,798,tox,0.6086956521739131
799,79,9,799,tox,0.0
800,80,0,800,tox,0.72
801,80,1,801,tox,0.6086956521739131
802,80,2,802,tox,0.6526315789473685
803,80,3,803,tox,0.6666666666666666
804,80,4,804,tox,0.7450980392156863
805,80,5,805,tox,0.7326732673267327
806,80,6,806,tox,0.6382978723404256
807,80,7,807,tox,0.7450980392156863
808,80,8,808,tox,0.6526315789473685
809,80,9,809,tox,0.0
810,81,0,810,tox,0.6382978723404256
811,81,1,811,tox,0.7450980392156863
812,81,2,812,tox,0.6382978723404256
813,81,3,813,tox,0.6382978723404256
814,81,4,814,tox,0.6666666666666666
815,81,5,815,tox,0.7572815533980582
816,81,6,816,tox,0.6804123711340206
817,81,7,817,tox,0.6526315789473685
818,81,8,818,tox,0.7326732673267327
819,81,9,819,tox,0.6666666666666666
820,82,0,820,tox,0.7326732673267327
821,82,1,821,tox,0.6804123711340206
822,82,2,822,tox,0.6382978723404256
823,82,3,823,tox,0.5777777777777777
824,82,4,824,tox,0.6236559139784946
825,82,5,825,tox,0.6526315789473685
826,82,6,826,tox,0.7572815533980582
827,82,7,827,tox,0.7572815533980582
828,82,8,828,tox,0.7070707070707071
829,82,9,829,tox,1.0
830,83,0,830,tox,0.6236559139784946
831,83,1,831,tox,0.780952380952381
832,83,2,832,tox,0.6938775510204082
833,83,3,833,tox,0.6938775510204082
834,83,4,834,tox,0.7070707070707071
835,83,5,835,tox,0.5777777777777777
836,83,6,836,tox,0.6804123711340206
837,83,7,837,tox,0.72
838,83,8,838,tox,0.6666666666666666
839,83,9,839,tox,0.6666666666666666
840,84,0,840,tox,0.780952380952381
841,84,1,841,tox,0.7070707070707071
842,84,2,842,tox,0.6938775510204082
843,84,3,843,tox,0.7070707070707071
844,84,4,844,tox,0.6382978723404256
845,84,5,845,tox,0.6382978723404256
846,84,6,846,tox,0.6236559139784946
847,84,7,847,tox,0.6666666666666666
848,84,8,848,tox,0.6938775510204082
849,84,9,849,tox,0.6666666666666666
850,85,0,850,tox,0.6938775510204082
851,85,1,851,tox,0.7450980392156863
852,85,2,852,tox,0.7070707070707071
853,85,3,853,tox,0.5617977528089888
854,85,4,854,tox,0.6938775510204082
855,85,5,855,tox,0.6804123711340206
856,85,6,856,tox,0.6666666666666666
857,85,7,857,tox,0.6804123711340206
858,85,8,858,tox,0.72
859,85,9,859,tox,0.6666666666666666
860,86,0,860,tox,0.7070707070707071
861,86,1,861,tox,0.6666666666666666
862,86,2,862,tox,0.6236559139784946
863,86,3,863,tox,0.72
864,86,4,864,tox,0.6382978723404256
865,86,5,865,tox,0.7572815533980582
866,86,6,866,tox,0.6938775510204082
867,86,7,867,tox,0.6804123711340206
868,86,8,868,tox,0.6804123711340206
869,86,9,869,tox,0.0
870,87,0,870,tox,0.6382978723404256
871,87,1,871,tox,0.7070707070707071
872,87,2,872,tox,0.7326732673267327
873,87,3,873,tox,0.7326732673267327
874,87,4,874,tox,0.6086956521739131
875,87,5,875,tox,0.6526315789473685
876,87,6,876,tox,0.7450980392156863
877,87,7,877,tox,0.5934065934065934
878,87,8,878,tox,0.72
879,87,9,879,tox,1.0
880,88,0,880,tox,0.6804123711340206
881,88,1,881,tox,0.72
882,88,2,882,tox,0.72
883,88,3,883,tox,0.6938775510204082
884,88,4,884,tox,0.6236559139784946
885,88,5,885,tox,0.6938775510204082
886,88,6,886,tox,0.6382978723404256
887,88,7,887,tox,0.6804123711340206
888,88,8,888,tox,0.7070707070707071
889,88,9,889,tox,0.6666666666666666
890,89,0,890,tox,0.6526315789473685
891,89,1,891,tox,0.780952380952381
892,89,2,892,tox,0.5777777777777777
893,89,3,893,tox,0.7070707070707071
894,89,4,894,tox,0.7692307692307693
895,89,5,895,tox,0.6526315789473685
896,89,6,896,tox,0.6938775510204082
897,89,7,897,tox,0.6526315789473685
898,89,8,898,tox,0.6526315789473685
899,89,9,899,tox,0.6666666666666666
900,90,0,900,tox,0.6382978723404256
901,90,1,901,tox,0.6804123711340206
902,90,2,902,tox,0.7450980392156863
903,90,3,903,tox,0.6938775510204082
904,90,4,904,tox,0.6804123711340206
905,90,5,905,tox,0.6804123711340206
906,90,6,906,tox,0.6666666666666666
907,90,7,907,tox,0.7326732673267327
908,90,8,908,tox,0.6382978723404256
909,90,9,909,tox,0.6666666666666666
910,91,0,910,tox,0.6526315789473685
911,91,1,911,tox,0.7070707070707071
912,91,2,912,tox,0.6526315789473685
913,91,3,913,tox,0.7070707070707071
914,91,4,914,tox,0.780952380952381
915,91,5,915,tox,0.72
916,91,6,916,tox,0.6086956521739131
917,91,7,917,tox,0.6804123711340206
918,91,8,918,tox,0.6382978723404256
919,91,9,919,tox,0.6666666666666666
920,92,0,920,tox,0.6938775510204082
921,92,1,921,tox,0.72
922,92,2,922,tox,0.5934065934065934
923,92,3,923,tox,0.7070707070707071
924,92,4,924,tox,0.7070707070707071
925,92,5,925,tox,0.7450980392156863
926,92,6,926,tox,0.72
927,92,7,927,tox,0.6666666666666666
928,92,8,928,tox,0.5934065934065934
929,92,9,929,tox,0.6666666666666666
930,93,0,930,tox,0.7326732673267327
931,93,1,931,tox,0.6666666666666666
932,93,2,932,tox,0.7070707070707071
933,93,3,933,tox,0.7450980392156863
934,93,4,934,tox,0.6526315789473685
935,93,5,935,tox,0.7070707070707071
936,93,6,936,tox,0.7572815533980582
937,93,7,937,tox,0.5617977528089888
938,93,8,938,tox,0.6086956521739131
939,93,9,939,tox,0.6666666666666666
940,94,0,940,tox,0.7692307692307693
941,94,1,941,tox,0.6382978723404256
942,94,2,942,tox,0.6526315789473685
943,94,3,943,tox,0.7572815533980582
944,94,4,944,tox,0.6804123711340206
945,94,5,945,tox,0.6382978723404256
946,94,6,946,tox,0.6938775510204082
947,94,7,947,tox,0.6236559139784946
948,94,8,948,tox,0.6804123711340206
949,94,9,949,tox,1.0
950,95,0,950,tox,0.7572815533980582
951,95,1,951,tox,0.6938775510204082
952,95,2,952,tox,0.6804123711340206
953,95,3,953,tox,0.7450980392156863
954,95,4,954,tox,0.5777777777777777
955,95,5,955,tox,0.6804123711340206
956,95,6,956,tox,0.6086956521739131
957,95,7,957,tox,0.6666666666666666
958,95,8,958,tox,0.7326732673267327
959,95,9,959,tox,0.6666666666666666
960,96,0,960,tox,0.5934065934065934
961,96,1,961,tox,0.5777777777777777
962,96,2,962,tox,0.6938775510204082
963,96,3,963,tox,0.7326732673267327
964,96,4,964,tox,0.7070707070707071
965,96,5,965,tox,0.5934065934065934
966,96,6,966,tox,0.7924528301886793
967,96,7,967,tox,0.72
968,96,8,968,tox,0.72
969,96,9,969,tox,0.6666666666666666
970,97,0,970,tox,0.5934065934065934
971,97,1,971,tox,0.7326732673267327
972,97,2,972,tox,0.7070707070707071
973,97,3,973,tox,0.6382978723404256
974,97,4,974,tox,0.6804123711340206
975,97,5,975,tox,0.7450980392156863
976,97,6,976,tox,0.72
977,97,7,977,tox,0.6804123711340206
978,97,8,978,tox,0.6526315789473685
979,97,9,979,tox,0.6666666666666666
980,98,0,980,tox,0.6086956521739131
981,98,1,981,tox,0.6938775510204082
982,98,2,982,tox,0.6666666666666666
983,98,3,983,tox,0.6804123711340206
984,98,4,984,tox,0.6804123711340206
985,98,5,985,tox,0.6382978723404256
986,98,6,986,tox,0.6382978723404256
987,98,7,987,tox,0.7692307692307693
988,98,8,988,tox,0.7692307692307693
989,98,9,989,tox,0.6666666666666666
990,99,0,990,tox,0.6382978723404256
991,99,1,991,tox,0.7070707070707071
992,99,2,992,tox,0.6526315789473685
993,99,3,993,tox,0.6382978723404256
994,99,4,994,tox,0.7070707070707071
995,99,5,995,tox,0.6804123711340206
996,99,6,996,tox,0.7692307692307693
997,99,7,997,tox,0.72
998,99,8,998,tox,0.6526315789473685
999,99,9,999,tox,0.0
